{"cameraMode":{"drawMode":0,"name":"Shaded","section":"Shading Mode"},"sceneLighting":false,"audioPlay":false,"sceneViewState":{"m_AlwaysRefresh":false,"showFog":true,"showSkybox":false,"showFlares":true,"showImageEffects":true,"showParticleSystems":true,"showVisualEffectGraphs":true,"m_FxEnabled":true},"in2DMode":false,"pivot":{"x":-1.8959254026412964,"y":3.8054683208465578,"z":-91.24555206298828},"rotation":{"x":0.12357010692358017,"y":-0.013396063819527626,"z":0.0016681820852681995,"w":0.9922471642494202},"size":0.9487243890762329,"orthographic":true}