{"cameraMode":{"drawMode":0,"name":"Shaded","section":"Shading Mode"},"sceneLighting":false,"audioPlay":false,"sceneViewState":{"m_AlwaysRefresh":false,"showFog":false,"showSkybox":false,"showFlares":false,"showImageEffects":false,"showParticleSystems":false,"showVisualEffectGraphs":true,"m_FxEnabled":true},"in2DMode":false,"pivot":{"x":-0.002984762191772461,"y":0.9665877223014832,"z":0.03685188293457031},"rotation":{"x":0.5523843169212341,"y":-0.10315775126218796,"z":0.06912943720817566,"w":0.824290931224823},"size":1.5806986093521119,"orthographic":false}