{"cameraMode":{"drawMode":0,"name":"Shaded","section":"Shading Mode"},"sceneLighting":false,"audioPlay":false,"sceneViewState":{"m_AlwaysRefresh":false,"showFog":true,"showSkybox":false,"showFlares":true,"showImageEffects":true,"showParticleSystems":true,"showVisualEffectGraphs":true,"m_FxEnabled":true},"in2DMode":false,"pivot":{"x":-32.971038818359378,"y":2.0472211837768556,"z":-17.529537200927736},"rotation":{"x":0.12357010692358017,"y":-0.013396063819527626,"z":0.0016681820852681995,"w":0.9922471642494202},"size":1.0880506038665772,"orthographic":true}