{"cameraMode":{"drawMode":0,"name":"Shaded","section":"Shading Mode"},"sceneLighting":false,"audioPlay":false,"sceneViewState":{"m_AlwaysRefresh":false,"showFog":false,"showSkybox":false,"showFlares":false,"showImageEffects":false,"showParticleSystems":false,"showVisualEffectGraphs":true,"m_FxEnabled":true},"in2DMode":false,"pivot":{"x":0.00003540515899658203,"y":0.9309879541397095,"z":-0.045138537883758548},"rotation":{"x":0.5523843169212341,"y":-0.10315775126218796,"z":0.06912943720817566,"w":0.824290931224823},"size":1.4336787462234498,"orthographic":false}