{"cameraMode":{"drawMode":0,"name":"Shaded","section":"Shading Mode"},"sceneLighting":false,"audioPlay":false,"sceneViewState":{"m_AlwaysRefresh":false,"showFog":true,"showSkybox":false,"showFlares":true,"showImageEffects":true,"showParticleSystems":true,"showVisualEffectGraphs":true,"m_FxEnabled":true},"in2DMode":false,"pivot":{"x":-32.971038818359378,"y":2.0472211837768556,"z":-17.529537200927736},"rotation":{"x":0.023158971220254899,"y":0.7097542881965637,"z":-0.023357007652521135,"w":0.7036939859390259},"size":1.1881784200668336,"orthographic":true}