{"cameraMode":{"drawMode":0,"name":"Shaded","section":"Shading Mode"},"sceneLighting":true,"audioPlay":false,"sceneViewState":{"m_AlwaysRefresh":false,"showFog":true,"showSkybox":true,"showFlares":true,"showImageEffects":true,"showParticleSystems":true,"showVisualEffectGraphs":true,"m_FxEnabled":true},"in2DMode":false,"pivot":{"x":39.37259292602539,"y":8.045272827148438,"z":-43.79261779785156},"rotation":{"x":0.5922664999961853,"y":-0.007251436822116375,"z":0.005330509040504694,"w":0.8056921362876892},"size":37.87068557739258,"orthographic":false}