{"cameraMode":{"drawMode":0,"name":"Shaded","section":"Shading Mode"},"sceneLighting":true,"audioPlay":false,"sceneViewState":{"m_AlwaysRefresh":false,"showFog":true,"showSkybox":true,"showFlares":true,"showImageEffects":true,"showParticleSystems":true,"showVisualEffectGraphs":true,"m_FxEnabled":true},"in2DMode":false,"pivot":{"x":28.799999237060548,"y":3.50600004196167,"z":-31.200000762939454},"rotation":{"x":0.13466210663318635,"y":-0.3024672269821167,"z":0.04320500046014786,"w":0.9426184892654419},"size":12.290267944335938,"orthographic":true}