{"cameraMode":{"drawMode":0,"name":"Shaded","section":"Shading Mode"},"sceneLighting":true,"audioPlay":false,"sceneViewState":{"m_AlwaysRefresh":false,"showFog":true,"showSkybox":true,"showFlares":true,"showImageEffects":true,"showParticleSystems":true,"showVisualEffectGraphs":true,"m_FxEnabled":true},"in2DMode":false,"pivot":{"x":0.6792689561843872,"y":3.8485965728759767,"z":-40.35636520385742},"rotation":{"x":-0.032538287341594699,"y":-0.6703856587409973,"z":0.029446298256516458,"w":-0.7407257556915283},"size":6.547055244445801,"orthographic":true}