{"cameraMode":{"drawMode":0,"name":"Shaded","section":"Shading Mode"},"sceneLighting":true,"audioPlay":false,"sceneViewState":{"m_AlwaysRefresh":false,"showFog":true,"showSkybox":true,"showFlares":true,"showImageEffects":true,"showParticleSystems":true,"showVisualEffectGraphs":true,"m_FxEnabled":true},"in2DMode":false,"pivot":{"x":28.799999237060548,"y":5.239999771118164,"z":-31.200000762939454},"rotation":{"x":0.15070129930973054,"y":-0.47956737875938418,"z":0.08399936556816101,"w":0.8603784441947937},"size":37.31385803222656,"orthographic":true}